Date,SPY Value
1871-01-01,95.93
1871-02-01,94.34
1871-03-01,95.24
1871-04-01,101.59
1871-05-01,106.62
1871-06-01,107.41
1871-07-01,105.4
1871-08-01,108.45
1871-09-01,106.97
1871-10-01,99.89
1871-11-01,100.98
1871-12-01,100.87
1872-01-01,103.42
1872-02-01,103.85
1872-03-01,105.67
1872-04-01,106.2
1872-05-01,106.2
1872-06-01,105.98
1872-07-01,106.92
1872-08-01,104.85
1872-09-01,102.27
1872-10-01,104.93
1872-11-01,101.49
1872-12-01,105.47
1873-01-01,106.3
1873-02-01,104.79
1873-03-01,103.97
1873-04-01,102.55
1873-05-01,105.06
1873-06-01,106.73
1873-07-01,106.52
1873-08-01,106.52
1873-09-01,98.38
1873-10-01,91.93
1873-11-01,91.47
1873-12-01,97.69
1874-01-01,101.41
1874-02-01,104.46
1874-03-01,102.93
1874-04-01,101.67
1874-05-01,99.83
1874-06-01,101.75
1874-07-01,100.98
1874-08-01,101.97
1874-09-01,103.57
1874-10-01,105.03
1874-11-01,106.88
1874-12-01,106.18
1875-01-01,106.18
1875-02-01,105.95
1875-03-01,107.35
1875-04-01,107.82
1875-05-01,106.3
1875-06-01,105.94
1875-07-01,106.18
1875-08-01,105.71
1875-09-01,105.69
1875-10-01,104.0
1875-11-01,106.56
1875-12-01,107.53
1876-01-01,110.66
1876-02-01,112.14
1876-03-01,111.9
1876-04-01,108.68
1876-05-01,108.51
1876-06-01,110.72
1876-07-01,109.39
1876-08-01,103.92
1876-09-01,96.63
1876-10-01,94.36
1876-11-01,91.77
1876-12-01,89.65
1877-01-01,87.35
1877-02-01,84.34
1877-03-01,83.83
1877-04-01,75.59
1877-05-01,74.24
1877-06-01,72.83
1877-07-01,75.36
1877-08-01,83.78
1877-09-01,89.92
1877-10-01,91.86
1877-11-01,92.28
1877-12-01,92.0
1878-01-01,94.79
1878-02-01,93.76
1878-03-01,97.56
1878-04-01,101.29
1878-05-01,105.04
1878-06-01,109.67
1878-07-01,110.6
1878-08-01,108.5
1878-09-01,110.7
1878-10-01,110.6
1878-11-01,111.6
1878-12-01,113.54
1879-01-01,116.39
1879-02-01,119.32
1879-03-01,118.67
1879-04-01,124.07
1879-05-01,129.66
1879-06-01,131.77
1879-07-01,132.95
1879-08-01,133.94
1879-09-01,134.12
1879-10-01,140.92
1879-11-01,140.88
1879-12-01,136.54
1880-01-01,137.7
1880-02-01,140.12
1880-03-01,141.4
1880-04-01,143.76
1880-05-01,136.31
1880-06-01,139.7
1880-07-01,146.12
1880-08-01,151.37
1880-09-01,149.62
1880-10-01,153.95
1880-11-01,160.32
1880-12-01,165.31
1881-01-01,176.89
1881-02-01,174.65
1881-03-01,176.63
1881-04-01,174.23
1881-05-01,183.99
1881-06-01,186.26
1881-07-01,177.88
1881-08-01,170.31
1881-09-01,165.27
1881-10-01,161.05
1881-11-01,163.69
1881-12-01,158.93
1882-01-01,156.55
1882-02-01,151.62
1882-03-01,151.36
1882-04-01,150.04
1882-05-01,146.81
1882-06-01,144.79
1882-07-01,154.27
1882-08-01,157.54
1882-09-01,163.4
1882-10-01,160.51
1882-11-01,155.01
1882-12-01,157.37
1883-01-01,156.56
1883-02-01,151.54
1883-03-01,154.94
1883-04-01,159.61
1883-05-01,158.5
1883-06-01,164.74
1883-07-01,165.5
1883-08-01,157.99
1883-09-01,161.28
1883-10-01,156.91
1883-11-01,160.99
1883-12-01,155.74
1884-01-01,151.08
1884-02-01,155.16
1884-03-01,154.58
1884-04-01,150.68
1884-05-01,141.44
1884-06-01,135.66
1884-07-01,137.21
1884-08-01,145.83
1884-09-01,142.68
1884-10-01,139.63
1884-11-01,139.9
1884-12-01,141.1
1885-01-01,137.85
1885-02-01,140.55
1885-03-01,144.14
1885-04-01,142.08
1885-05-01,143.75
1885-06-01,146.52
1885-07-01,150.26
1885-08-01,158.69
1885-09-01,158.45
1885-10-01,167.65
1885-11-01,176.54
1885-12-01,171.13
1886-01-01,175.2
1886-02-01,178.56
1886-03-01,176.85
1886-04-01,176.7
1886-05-01,177.58
1886-06-01,187.94
1886-07-01,188.54
1886-08-01,187.49
1886-09-01,192.38
1886-10-01,197.27
1886-11-01,202.16
1886-12-01,194.65
1887-01-01,188.0
1887-02-01,184.34
1887-03-01,188.67
1887-04-01,193.0
1887-05-01,196.32
1887-06-01,193.05
1887-07-01,190.48
1887-08-01,183.62
1887-09-01,183.33
1887-10-01,175.2
1887-11-01,176.36
1887-12-01,171.34
1888-01-01,170.78
1888-02-01,171.66
1888-03-01,165.16
1888-04-01,167.84
1888-05-01,172.03
1888-06-01,168.79
1888-07-01,171.03
1888-08-01,174.69
1888-09-01,179.02
1888-10-01,176.06
1888-11-01,170.36
1888-12-01,167.11
1889-01-01,176.54
1889-02-01,180.6
1889-03-01,179.12
1889-04-01,178.77
1889-05-01,188.19
1889-06-01,191.37
1889-07-01,187.48
1889-08-01,189.96
1889-09-01,192.03
1889-10-01,188.54
1889-11-01,186.8
1889-12-01,183.6
1890-01-01,190.31
1890-02-01,188.19
1890-03-01,186.77
1890-04-01,190.67
1890-05-01,196.22
1890-06-01,194.83
1890-07-01,193.43
1890-08-01,182.27
1890-09-01,177.02
1890-10-01,169.04
1890-11-01,160.49
1890-12-01,156.75
1891-01-01,167.04
1891-02-01,166.97
1891-03-01,162.06
1891-04-01,165.38
1891-05-01,166.77
1891-06-01,167.38
1891-07-01,166.54
1891-08-01,172.13
1891-09-01,188.54
1891-10-01,188.54
1891-11-01,187.94
1891-12-01,193.66
1892-01-01,202.36
1892-02-01,202.72
1892-03-01,210.38
1892-04-01,212.99
1892-05-01,212.99
1892-06-01,211.84
1892-07-01,206.27
1892-08-01,206.4
1892-09-01,201.25
1892-10-01,205.29
1892-11-01,199.39
1892-12-01,194.91
1893-01-01,191.16
1893-02-01,185.64
1893-03-01,183.26
1893-04-01,185.4
1893-05-01,171.21
1893-06-01,167.25
1893-07-01,155.63
1893-08-01,158.03
1893-09-01,162.71
1893-10-01,165.26
1893-11-01,172.3
1893-12-01,168.63
1894-01-01,169.77
1894-02-01,174.42
1894-03-01,184.79
1894-04-01,187.25
1894-05-01,180.28
1894-06-01,177.82
1894-07-01,174.14
1894-08-01,175.61
1894-09-01,176.06
1894-10-01,175.42
1894-11-01,175.42
1894-12-01,176.19
1895-01-01,174.14
1895-02-01,171.68
1895-03-01,171.68
1895-04-01,171.73
1895-05-01,178.56
1895-06-01,179.72
1895-07-01,182.82
1895-08-01,188.24
1895-09-01,189.42
1895-10-01,186.67
1895-11-01,180.38
1895-12-01,172.03
1896-01-01,172.59
1896-02-01,182.33
1896-03-01,179.46
1896-04-01,183.9
1896-05-01,185.94
1896-06-01,185.18
1896-07-01,173.18
1896-08-01,163.32
1896-09-01,171.89
1896-10-01,170.59
1896-11-01,177.04
1896-12-01,170.57
1897-01-01,175.58
1897-02-01,173.92
1897-03-01,174.33
1897-04-01,171.57
1897-05-01,174.89
1897-06-01,183.04
1897-07-01,191.18
1897-08-01,194.62
1897-09-01,198.31
1897-10-01,194.82
1897-11-01,187.95
1897-12-01,191.99
1898-01-01,197.25
1898-02-01,193.93
1898-03-01,185.17
1898-04-01,181.99
1898-05-01,181.32
1898-06-01,201.5
1898-07-01,205.33
1898-08-01,213.01
1898-09-01,212.61
1898-10-01,208.16
1898-11-01,215.03
1898-12-01,224.99
1899-01-01,242.12
1899-02-01,244.41
1899-03-01,247.89
1899-04-01,247.78
1899-05-01,237.46
1899-06-01,228.85
1899-07-01,233.82
1899-08-01,236.51
1899-09-01,225.33
1899-10-01,221.36
1899-11-01,222.95
1899-12-01,205.13
1900-01-01,207.86
1900-02-01,209.22
1900-03-01,210.91
1900-04-01,213.6
1900-05-01,208.45
1900-06-01,204.6
1900-07-01,202.24
1900-08-01,207.4
1900-09-01,200.17
1900-10-01,209.84
1900-11-01,226.25
1900-12-01,243.02
1901-01-01,246.85
1901-02-01,256.46
1901-03-01,265.66
1901-04-01,291.39
1901-05-01,276.71
1901-06-01,304.28
1901-07-01,280.51
1901-08-01,280.72
1901-09-01,276.1
1901-10-01,272.99
1901-11-01,275.33
1901-12-01,267.85
1902-01-01,276.69
1902-02-01,279.08
1902-03-01,279.42
1902-04-01,285.7
1902-05-01,281.51
1902-06-01,276.76
1902-07-01,283.02
1902-08-01,293.82
1902-09-01,291.24
1902-10-01,263.66
1902-11-01,261.89
1902-12-01,253.16
1903-01-01,262.98
1903-02-01,261.42
1903-03-01,259.87
1903-04-01,249.25
1903-05-01,250.11
1903-06-01,236.29
1903-07-01,225.43
1903-08-01,218.19
1903-09-01,210.35
1903-10-01,206.01
1903-11-01,208.97
1903-12-01,218.62
1904-01-01,217.18
1904-02-01,206.58
1904-03-01,208.41
1904-04-01,215.88
1904-05-01,216.29
1904-06-01,216.62
1904-07-01,225.6
1904-08-01,230.69
1904-09-01,237.98
1904-10-01,251.96
1904-11-01,259.66
1904-12-01,262.2
1905-01-01,267.92
1905-02-01,279.68
1905-03-01,291.07
1905-04-01,287.53
1905-05-01,276.35
1905-06-01,279.6
1905-07-01,288.38
1905-08-01,295.89
1905-09-01,300.08
1905-10-01,304.31
1905-11-01,299.43
1905-12-01,303.2
1906-01-01,313.69
1906-02-01,311.47
1906-03-01,303.84
1906-04-01,299.71
1906-05-01,288.69
1906-06-01,292.47
1906-07-01,294.55
1906-08-01,309.24
1906-09-01,315.42
1906-10-01,299.34
1906-11-01,302.05
1906-12-01,296.3
1907-01-01,290.79
1907-02-01,275.75
1907-03-01,251.43
1907-04-01,252.63
1907-05-01,238.83
1907-06-01,228.66
1907-07-01,237.4
1907-08-01,219.61
1907-09-01,217.28
1907-10-01,191.79
1907-11-01,188.2
1907-12-01,202.13
1908-01-01,212.93
1908-02-01,207.56
1908-03-01,216.05
1908-04-01,225.05
1908-05-01,237.18
1908-06-01,237.49
1908-07-01,243.66
1908-08-01,254.12
1908-09-01,251.35
1908-10-01,251.55
1908-11-01,265.88
1908-12-01,268.9
1909-01-01,272.81
1909-02-01,262.05
1909-03-01,265.62
1909-04-01,271.82
1909-05-01,278.15
1909-06-01,280.05
1909-07-01,284.06
1909-08-01,288.16
1909-09-01,285.44
1909-10-01,281.01
1909-11-01,276.81
1909-12-01,277.55
1910-01-01,274.09
1910-02-01,264.3
1910-03-01,265.73
1910-04-01,257.03
1910-05-01,257.61
1910-06-01,247.44
1910-07-01,234.93
1910-08-01,243.1
1910-09-01,247.27
1910-10-01,266.34
1910-11-01,271.53
1910-12-01,263.95
1911-01-01,270.36
1911-02-01,283.95
1911-03-01,277.53
1911-04-01,285.5
1911-05-01,291.65
1911-06-01,297.5
1911-07-01,292.92
1911-08-01,270.37
1911-09-01,252.86
1911-10-01,254.32
1911-11-01,267.43
1911-12-01,271.28
1912-01-01,268.9
1912-02-01,263.65
1912-03-01,265.77
1912-04-01,266.14
1912-05-01,265.86
1912-06-01,268.35
1912-07-01,268.63
1912-08-01,272.25
1912-09-01,270.84
1912-10-01,270.29
1912-11-01,267.27
1912-12-01,260.31
1913-01-01,255.46
1913-02-01,246.4
1913-03-01,241.73
1913-04-01,241.45
1913-05-01,237.28
1913-06-01,223.05
1913-07-01,223.79
1913-08-01,229.77
1913-09-01,229.62
1913-10-01,222.36
1913-11-01,214.56
1913-12-01,216.43
1914-01-01,225.32
1914-02-01,230.58
1914-03-01,226.23
1914-04-01,223.05
1914-05-01,222.15
1914-06-01,221.07
1914-07-01,206.74
1914-08-01,202.69
1914-09-01,202.69
1914-10-01,204.69
1914-11-01,202.69
1914-12-01,195.9
1915-01-01,199.36
1915-02-01,198.67
1915-03-01,205.84
1915-04-01,219.12
1915-05-01,211.89
1915-06-01,214.29
1915-07-01,213.49
1915-08-01,222.55
1915-09-01,230.81
1915-10-01,241.22
1915-11-01,247.24
1915-12-01,247.76
1916-01-01,241.5
1916-02-01,238.13
1916-03-01,235.1
1916-04-01,230.34
1916-05-01,233.22
1916-06-01,233.3
1916-07-01,230.06
1916-08-01,229.68
1916-09-01,234.76
1916-10-01,237.75
1916-11-01,239.0
1916-12-01,227.42
1917-01-01,220.19
1917-02-01,202.57
1917-03-01,208.85
1917-04-01,195.91
1917-05-01,186.33
1917-06-01,187.19
1917-07-01,184.86
1917-08-01,176.63
1917-09-01,164.35
1917-10-01,153.14
1917-11-01,140.38
1917-12-01,133.62
1918-01-01,138.64
1918-02-01,141.85
1918-03-01,139.98
1918-04-01,136.68
1918-05-01,138.12
1918-06-01,136.43
1918-07-01,133.88
1918-08-01,132.5
1918-09-01,129.28
1918-10-01,132.24
1918-11-01,133.11
1918-12-01,128.89
1919-01-01,128.07
1919-02-01,130.94
1919-03-01,133.28
1919-04-01,135.24
1919-05-01,142.88
1919-06-01,146.7
1919-07-01,147.13
1919-08-01,134.9
1919-09-01,136.26
1919-10-01,140.84
1919-11-01,133.72
1919-12-01,127.05
1920-01-01,123.16
1920-02-01,111.82
1920-03-01,118.47
1920-04-01,114.04
1920-05-01,105.33
1920-06-01,102.01
1920-07-01,102.37
1920-08-01,100.78
1920-09-01,105.93
1920-10-01,106.6
1920-11-01,101.7
1920-12-01,94.5
1921-01-01,100.74
1921-02-01,103.29
1921-03-01,101.21
1921-04-01,102.77
1921-05-01,108.29
1921-06-01,100.18
1921-07-01,99.31
1921-08-01,98.1
1921-09-01,101.68
1921-10-01,103.06
1921-11-01,109.23
1921-12-01,113.75
1922-01-01,116.28
1922-02-01,118.83
1922-03-01,124.76
1922-04-01,132.34
1922-05-01,137.5
1922-06-01,136.21
1922-07-01,136.36
1922-08-01,143.19
1922-09-01,146.92
1922-10-01,149.27
1922-11-01,141.01
1922-12-01,139.85
1923-01-01,142.61
1923-02-01,148.7
1923-03-01,151.1
1923-04-01,144.95
1923-05-01,138.1
1923-06-01,132.06
1923-07-01,126.15
1923-08-01,127.51
1923-09-01,127.55
1923-10-01,124.95
1923-11-01,128.68
1923-12-01,133.04
1924-01-01,137.4
1924-02-01,138.82
1924-03-01,136.96
1924-04-01,134.6
1924-05-01,134.12
1924-06-01,136.66
1924-07-01,142.15
1924-08-01,147.9
1924-09-01,145.62
1924-10-01,142.89
1924-11-01,150.87
1924-12-01,158.09
1925-01-01,164.63
1925-02-01,166.99
1925-03-01,161.67
1925-04-01,160.89
1925-05-01,165.1
1925-06-01,166.13
1925-07-01,168.82
1925-08-01,171.1
1925-09-01,175.05
1925-10-01,180.83
1925-11-01,183.35
1925-12-01,187.38
1926-01-01,190.24
1926-02-01,190.54
1926-03-01,178.61
1926-04-01,172.65
1926-05-01,174.83
1926-06-01,184.18
1926-07-01,194.13
1926-08-01,202.98
1926-09-01,204.9
1926-10-01,199.14
1926-11-01,200.6
1926-12-01,205.17
1927-01-01,206.13
1927-02-01,211.33
1927-03-01,215.82
1927-04-01,221.11
1927-05-01,227.42
1927-06-01,227.75
1927-07-01,236.83
1927-08-01,250.88
1927-09-01,263.59
1927-10-01,258.06
1927-11-01,265.46
1927-12-01,271.68
1928-01-01,272.77
1928-02-01,272.66
1928-03-01,287.3
1928-04-01,305.4
1928-05-01,313.02
1928-06-01,299.42
1928-07-01,301.62
1928-08-01,311.38
1928-09-01,329.41
1928-10-01,338.06
1928-11-01,360.91
1928-12-01,364.44
1929-01-01,391.36
1929-02-01,393.4
1929-03-01,402.68
1929-04-01,402.68
1929-05-01,406.33
1929-06-01,411.66
1929-07-01,443.16
1929-08-01,468.37
1929-09-01,487.04
1929-10-01,435.54
1929-11-01,320.23
1929-12-01,334.93
1930-01-01,341.77
1930-02-01,365.31
1930-03-01,381.33
1930-04-01,403.16
1930-05-01,381.33
1930-06-01,344.83
1930-07-01,341.52
1930-08-01,339.19
1930-09-01,336.98
1930-10-01,292.36
1930-11-01,272.81
1930-12-01,259.33
1931-01-01,270.55
1931-02-01,294.91
1931-03-01,302.5
1931-04-01,275.45
1931-05-01,252.13
1931-06-01,247.27
1931-07-01,255.47
1931-08-01,247.8
1931-09-01,212.31
1931-10-01,185.18
1931-11-01,190.27
1931-12-01,155.62
1932-01-01,156.25
1932-02-01,157.13
1932-03-01,158.83
1932-04-01,121.62
1932-05-01,108.27
1932-06-01,94.42
1932-07-01,99.17
1932-08-01,150.15
1932-09-01,165.94
1932-10-01,144.11
1932-11-01,143.77
1932-12-01,140.15
1933-01-01,147.95
1933-02-01,132.48
1933-03-01,133.1
1933-04-01,147.2
1933-05-01,189.5
1933-06-01,220.23
1933-07-01,230.77
1933-08-01,217.6
1933-09-01,215.76
1933-10-01,194.76
1933-11-01,199.45
1933-12-01,203.32
1934-01-01,214.95
1934-02-01,229.12
1934-03-01,217.38
1934-04-01,221.02
1934-05-01,198.56
1934-06-01,199.69
1934-07-01,190.24
1934-08-01,182.81
1934-09-01,175.77
1934-10-01,178.47
1934-11-01,183.45
1934-12-01,186.03
1935-01-01,183.29
1935-02-01,176.45
1935-03-01,165.25
1935-04-01,176.34
1935-05-01,190.19
1935-06-01,198.85
1935-07-01,209.26
1935-08-01,223.41
1935-09-01,228.13
1935-10-01,234.22
1935-11-01,254.37
1935-12-01,254.37
1936-01-01,268.41
1936-02-01,283.83
1936-03-01,291.99
1936-04-01,292.38
1936-05-01,276.86
1936-06-01,286.56
1936-07-01,301.34
1936-08-01,305.15
1936-09-01,308.61
1936-10-01,324.76
1936-11-01,333.8
1936-12-01,328.03
1937-01-01,335.83
1937-02-01,345.75
1937-03-01,342.94
1937-04-01,320.21
1937-05-01,303.78
1937-06-01,292.38
1937-07-01,307.62
1937-08-01,310.78
1937-09-01,264.95
1937-10-01,226.42
1937-11-01,207.93
1937-12-01,206.01
1938-01-01,214.41
1938-02-01,210.77
1938-03-01,196.84
1938-04-01,187.49
1938-05-01,190.54
1938-06-01,194.93
1938-07-01,233.68
1938-08-01,235.02
1938-09-01,224.33
1938-10-01,251.12
1938-11-01,251.31
1938-12-01,244.01
1939-01-01,240.35
1939-02-01,240.15
1939-03-01,239.95
1939-04-01,211.26
1939-05-01,219.06
1939-06-01,222.96
1939-07-01,228.43
1939-08-01,225.11
1939-09-01,243.8
1939-10-01,248.04
1939-11-01,243.62
1939-12-01,237.85
1940-01-01,238.21
1940-02-01,234.97
1940-03-01,233.62
1940-04-01,235.93
1940-05-01,203.43
1940-06-01,184.62
1940-07-01,192.09
1940-08-01,196.13
1940-09-01,204.4
1940-10-01,206.32
1940-11-01,211.13
1940-12-01,201.04
1941-01-01,201.42
1941-02-01,188.82
1941-03-01,188.63
1941-04-01,181.47
1941-05-01,176.29
1941-06-01,178.73
1941-07-01,187.89
1941-08-01,184.46
1941-09-01,182.55
1941-10-01,172.95
1941-11-01,163.79
1941-12-01,152.14
1942-01-01,153.12
1942-02-01,147.38
1942-03-01,137.63
1942-04-01,131.09
1942-05-01,130.96
1942-06-01,137.57
1942-07-01,141.82
1942-08-01,140.14
1942-09-01,141.61
1942-10-01,150.23
1942-11-01,151.74
1942-12-01,151.64
1943-01-01,160.72
1943-02-01,170.28
1943-03-01,173.26
1943-04-01,176.99
1943-05-01,182.9
1943-06-01,186.13
1943-07-01,191.07
1943-08-01,182.68
1943-09-01,185.5
1943-10-01,183.8
1943-11-01,175.29
1943-12-01,177.61
1944-01-01,183.33
1944-02-01,182.09
1944-03-01,187.2
1944-04-01,182.9
1944-05-01,186.13
1944-06-01,193.79
1944-07-01,197.71
1944-08-01,194.82
1944-09-01,191.63
1944-10-01,196.35
1944-11-01,194.98
1944-12-01,198.12
1945-01-01,204.01
1945-02-01,210.82
1945-03-01,210.67
1945-04-01,215.96
1945-05-01,222.88
1945-06-01,224.43
1945-07-01,219.82
1945-08-01,220.56
1945-09-01,235.58
1945-10-01,245.4
1945-11-01,253.43
1945-12-01,256.33
1946-01-01,266.53
1946-02-01,268.75
1946-03-01,257.87
1946-04-01,273.0
1946-05-01,272.11
1946-06-01,267.47
1946-07-01,245.4
1946-08-01,235.88
1946-09-01,199.13
1946-10-01,190.9
1946-11-01,185.66
1946-12-01,189.44
1947-01-01,190.44
1947-02-01,197.83
1947-03-01,186.35
1947-04-01,179.46
1947-05-01,176.27
1947-06-01,181.58
1947-07-01,191.23
1947-08-01,184.97
1947-09-01,176.26
1947-10-01,180.83
1947-11-01,177.95
1947-12-01,172.91
1948-01-01,168.45
1948-02-01,161.52
1948-03-01,164.51
1948-04-01,174.18
1948-05-01,181.9
1948-06-01,187.88
1948-07-01,181.15
1948-08-01,175.14
1948-09-01,173.16
1948-10-01,178.62
1948-11-01,170.08
1948-12-01,169.67
1949-01-01,172.28
1949-02-01,167.06
1949-03-01,168.64
1949-04-01,167.71
1949-05-01,167.17
1949-06-01,157.35
1949-07-01,167.65
1949-08-01,172.94
1949-09-01,174.47
1949-10-01,180.49
1949-11-01,182.22
1949-12-01,188.66
1950-01-01,193.36
1950-02-01,197.14
1950-03-01,197.9
1950-04-01,203.49
1950-05-01,209.45
1950-06-01,211.96
1950-07-01,194.13
1950-08-01,204.17
1950-09-01,210.5
1950-10-01,217.44
1950-11-01,216.12
1950-12-01,212.66
1951-01-01,224.79
1951-02-01,230.44
1951-03-01,225.69
1951-04-01,228.71
1951-05-01,227.93
1951-06-01,223.98
1951-07-01,227.93
1951-08-01,237.91
1951-09-01,242.17
1951-10-01,240.02
1951-11-01,231.57
1951-12-01,237.81
1952-01-01,245.73
1952-02-01,243.09
1952-03-01,243.71
1952-04-01,242.07
1952-05-01,241.97
1952-06-01,247.66
1952-07-01,252.86
1952-08-01,253.87
1952-09-01,249.84
1952-10-01,244.59
1952-11-01,252.36
1952-12-01,262.54
1953-01-01,264.94
1953-02-01,262.69
1953-03-01,263.02
1953-04-01,250.07
1953-05-01,250.44
1953-06-01,240.57
1953-07-01,243.98
1953-08-01,244.08
1953-09-01,232.87
1953-10-01,238.99
1953-11-01,245.18
1953-12-01,248.48
1954-01-01,254.78
1954-02-01,260.39
1954-03-01,265.89
1954-04-01,277.53
1954-05-01,287.51
1954-06-01,289.81
1954-07-01,301.52
1954-08-01,307.52
1954-09-01,315.9
1954-10-01,323.23
1954-11-01,335.89
1954-12-01,352.57
1955-01-01,358.93
1955-02-01,370.92
1955-03-01,368.0
1955-04-01,380.7
1955-05-01,379.09
1955-06-01,401.07
1955-07-01,428.8
1955-08-01,426.19
1955-09-01,443.72
1955-10-01,421.41
1955-11-01,449.83
1955-12-01,455.72
1956-01-01,443.47
1956-02-01,446.28
1956-03-01,477.02
1956-04-01,480.85
1956-05-01,464.01
1956-06-01,457.93
1956-07-01,479.25
1956-08-01,478.14
1956-09-01,460.19
1956-10-01,452.64
1956-11-01,447.94
1956-12-01,452.95
1957-01-01,443.1
1957-02-01,422.45
1957-03-01,426.35
1957-04-01,434.67
1957-05-01,449.75
1957-06-01,455.52
1957-07-01,461.44
1957-08-01,436.04
1957-09-01,418.35
1957-10-01,392.28
1957-11-01,382.47
1957-12-01,382.28
1958-01-01,387.04
1958-02-01,388.36
1958-03-01,393.6
1958-04-01,394.38
1958-05-01,407.05
1958-06-01,416.83
1958-07-01,426.81
1958-08-01,444.31
1958-09-01,456.05
1958-10-01,474.58
1958-11-01,487.34
1958-12-01,498.24
1959-01-01,516.3
1959-02-01,510.17
1959-03-01,523.11
1959-04-01,530.04
1959-05-01,538.02
1959-06-01,531.54
1959-07-01,550.74
1959-08-01,547.61
1959-09-01,524.15
1959-10-01,521.91
1959-11-01,524.01
1959-12-01,540.77
1960-01-01,533.15
1960-02-01,510.74
1960-03-01,503.78
1960-04-01,508.55
1960-05-01,503.9
1960-06-01,520.75
1960-07-01,507.83
1960-08-01,513.93
1960-09-01,498.47
1960-10-01,485.36
1960-11-01,501.08
1960-12-01,513.1
1961-01-01,539.47
1961-02-01,561.61
1961-03-01,579.22
1961-04-01,594.67
1961-05-01,600.72
1961-06-01,592.77
1961-07-01,587.2
1961-08-01,610.33
1961-09-01,603.54
1961-10-01,610.18
1961-11-01,637.81
1961-12-01,643.73
1962-01-01,619.78
1962-02-01,628.0
1962-03-01,628.63
1962-04-01,606.58
1962-05-01,561.48
1962-06-01,495.87
1962-07-01,506.14
1962-08-01,519.91
1962-09-01,513.6
1962-10-01,497.39
1962-11-01,531.66
1962-12-01,554.68
1963-01-01,576.11
1963-02-01,583.73
1963-03-01,579.61
1963-04-01,606.88
1963-05-01,619.06
1963-06-01,616.77
1963-07-01,605.64
1963-08-01,622.39
1963-09-01,638.79
1963-10-01,638.29
1963-11-01,634.71
1963-12-01,646.16
1964-01-01,666.02
1964-02-01,674.21
1964-03-01,686.49
1964-04-01,696.42
1964-05-01,703.22
1964-06-01,696.78
1964-07-01,720.33
1964-08-01,712.06
1964-09-01,721.98
1964-10-01,734.44
1964-11-01,737.18
1964-12-01,724.41
1965-01-01,743.05
1965-02-01,748.48
1965-03-01,746.78
1965-04-01,754.17
1965-05-01,765.41
1965-06-01,724.44
1965-07-01,723.33
1965-08-01,736.79
1965-09-01,761.41
1965-10-01,776.08
1965-11-01,782.53
1965-12-01,776.52
1966-01-01,789.98
1966-02-01,779.74
1966-03-01,745.36
1966-04-01,763.41
1966-05-01,723.24
1966-06-01,715.03
1966-07-01,711.01
1966-08-01,663.93
1966-09-01,640.55
1966-10-01,631.09
1966-11-01,662.68
1966-12-01,665.46
1967-01-01,690.99
1967-02-01,714.8
1967-03-01,729.44
1967-04-01,739.76
1967-05-01,750.75
1967-06-01,739.11
1967-07-01,749.64
1967-08-01,759.29
1967-09-01,767.61
1967-10-01,764.13
1967-11-01,737.98
1967-12-01,756.76
1968-01-01,750.27
1968-02-01,714.31
1968-03-01,699.2
1968-04-01,748.66
1968-05-01,763.66
1968-06-01,779.66
1968-07-01,773.65
1968-08-01,754.59
1968-09-01,776.91
1968-10-01,791.57
1968-11-01,801.5
1968-12-01,807.59
1969-01-01,771.29
1969-02-01,763.22
1969-03-01,740.47
1969-04-01,751.22
1969-05-01,773.57
1969-06-01,729.18
1969-07-01,692.81
1969-08-01,685.21
1969-09-01,685.76
1969-10-01,689.37
1969-11-01,690.65
1969-12-01,650.57
1970-01-01,643.15
1970-02-01,617.45
1970-03-01,624.72
1970-04-01,600.97
1970-05-01,530.44
1970-06-01,524.44
1970-07-01,522.65
1970-08-01,537.84
1970-09-01,567.09
1970-10-01,576.45
1970-11-01,572.92
1970-12-01,609.07
1971-01-01,632.34
1971-02-01,655.18
1971-03-01,670.3
1971-04-01,691.45
1971-05-01,678.67
1971-06-01,661.19
1971-07-01,654.8
1971-08-01,641.58
1971-09-01,655.83
1971-10-01,640.34
1971-11-01,610.66
1971-12-01,649.54
1972-01-01,676.59
1972-02-01,685.7
1972-03-01,700.3
1972-04-01,705.74
1972-05-01,696.93
1972-06-01,697.2
1972-07-01,688.73
1972-08-01,711.44
1972-09-01,699.52
1972-10-01,697.49
1972-11-01,730.76
1972-12-01,744.24
1973-01-01,748.19
1973-02-01,716.6
1973-03-01,698.79
1973-04-01,681.01
1973-05-01,657.35
1973-06-01,638.27
1973-07-01,642.91
1973-08-01,619.57
1973-09-01,628.92
1973-10-01,648.19
1973-11-01,598.21
1973-12-01,552.26
1974-01-01,555.2
1974-02-01,532.97
1974-03-01,548.75
1974-04-01,518.54
1974-05-01,496.68
1974-06-01,493.29
1974-07-01,432.18
1974-08-01,409.34
1974-09-01,362.4
1974-10-01,365.81
1974-11-01,374.99
1974-12-01,347.88
1975-01-01,374.91
1975-02-01,410.71
1975-03-01,427.95
1975-04-01,431.12
1975-05-01,455.91
1975-06-01,464.06
1975-07-01,459.37
1975-08-01,424.91
1975-09-01,417.45
1975-10-01,434.29
1975-11-01,438.45
1975-12-01,430.23
1976-01-01,468.96
1976-02-01,485.32
1976-03-01,486.86
1976-04-01,488.97
1976-05-01,482.17
1976-06-01,482.47
1976-07-01,491.25
1976-08-01,484.46
1976-09-01,493.06
1976-10-01,473.76
1976-11-01,469.7
1976-12-01,484.27
1977-01-01,477.65
1977-02-01,460.05
1977-03-01,455.14
1977-04-01,444.4
1977-05-01,440.89
1977-06-01,440.34
1977-07-01,442.19
1977-08-01,429.96
1977-09-01,421.9
1977-10-01,409.65
1977-11-01,410.01
1977-12-01,406.7
1978-01-01,388.72
1978-02-01,380.81
1978-03-01,377.13
1978-04-01,390.56
1978-05-01,406.55
1978-06-01,403.21
1978-07-01,398.22
1978-08-01,423.78
1978-09-01,420.59
1978-10-01,403.59
1978-11-01,378.27
1978-12-01,382.16
1979-01-01,392.99
1979-02-01,382.68
1979-03-01,386.05
1979-04-01,389.3
1979-05-01,375.48
1979-06-01,378.66
1979-07-01,378.2
1979-08-01,391.76
1979-09-01,391.88
1979-10-01,374.08
1979-11-01,367.79
1979-12-01,378.35
1980-01-01,383.72
1980-02-01,393.39
1980-03-01,351.87
1980-04-01,342.31
1980-05-01,354.43
1980-06-01,373.03
1980-07-01,389.96
1980-08-01,399.11
1980-09-01,405.39
1980-10-01,413.32
1980-11-01,427.25
1980-12-01,416.43
1981-01-01,411.53
1981-02-01,393.23
1981-03-01,405.16
1981-04-01,406.06
1981-05-01,394.8
1981-06-01,393.1
1981-07-01,379.4
1981-08-01,377.98
1981-09-01,341.69
1981-10-01,345.28
1981-11-01,353.09
1981-12-01,354.54
1982-01-01,334.85
1982-02-01,325.82
1982-03-01,315.63
1982-04-01,329.9
1982-05-01,327.08
1982-06-01,304.44
1982-07-01,302.05
1982-08-01,302.26
1982-09-01,336.56
1982-10-01,363.77
1982-11-01,379.35
1982-12-01,384.49
1983-01-01,397.19
1983-02-01,403.66
1983-03-01,417.68
1983-04-01,430.55
1983-05-01,445.31
1983-06-01,450.19
1983-07-01,450.01
1983-08-01,436.3
1983-09-01,446.97
1983-10-01,446.97
1983-11-01,439.44
1983-12-01,436.88
1984-01-01,439.59
1984-02-01,413.52
1984-03-01,412.98
1984-04-01,411.49
1984-05-01,407.7
1984-06-01,397.43
1984-07-01,390.73
1984-08-01,423.5
1984-09-01,425.84
1984-10-01,421.3
1984-11-01,425.14
1984-12-01,420.54
1985-01-01,437.86
1985-02-01,459.41
1985-03-01,453.89
1985-04-01,454.79
1985-05-01,463.88
1985-06-01,472.59
1985-07-01,480.71
1985-08-01,469.35
1985-09-01,457.61
1985-10-01,461.12
1985-11-01,487.76
1985-12-01,510.56
1986-01-01,511.37
1986-02-01,540.36
1986-03-01,574.76
1986-04-01,589.95
1986-05-01,589.56
1986-06-01,603.05
1986-07-01,590.51
1986-08-01,601.21
1986-09-01,582.12
1986-10-01,579.39
1986-11-01,597.64
1986-12-01,605.63
1987-01-01,640.31
1987-02-01,677.57
1987-03-01,702.4
1987-04-01,691.02
1987-05-01,688.1
1987-06-01,714.85
1987-07-01,733.54
1987-08-01,775.11
1987-09-01,746.02
1987-10-01,654.19
1987-11-01,571.51
1987-12-01,562.18
1988-01-01,582.83
1988-02-01,598.96
1988-03-01,613.95
1988-04-01,603.68
1988-05-01,586.73
1988-06-01,617.55
1988-07-01,611.31
1988-08-01,596.53
1988-09-01,602.21
1988-10-01,621.25
1988-11-01,606.42
1988-12-01,617.7
1989-01-01,634.42
1989-02-01,650.85
1989-03-01,644.26
1989-04-01,661.07
1989-05-01,682.55
1989-06-01,702.16
1989-07-01,718.21
1989-08-01,748.82
1989-09-01,747.93
1989-10-01,744.57
1989-11-01,727.4
1989-12-01,744.18
1990-01-01,718.35
1990-02-01,694.96
1990-03-01,707.94
1990-04-01,706.26
1990-05-01,729.76
1990-06-01,746.85
1990-07-01,743.24
1990-08-01,676.57
1990-09-01,639.84
1990-10-01,619.29
1990-11-01,634.34
1990-12-01,661.42
1991-01-01,650.97
1991-02-01,723.43
1991-03-01,742.34
1991-04-01,755.98
1991-05-01,750.39
1991-06-01,748.78
1991-07-01,751.51
1991-08-01,767.38
1991-09-01,759.71
1991-10-01,757.98
1991-11-01,753.9
1991-12-01,758.41
1992-01-01,811.05
1992-02-01,801.29
1992-03-01,787.22
1992-04-01,786.18
1992-05-01,799.32
1992-06-01,783.91
1992-07-01,795.23
1992-08-01,798.47
1992-09-01,797.26
1992-10-01,783.1
1992-11-01,801.59
1992-12-01,826.44
1993-01-01,821.61
1993-02-01,830.91
1993-03-01,843.88
1993-04-01,828.3
1993-05-01,831.2
1993-06-01,835.29
1993-07-01,833.85
1993-08-01,844.26
1993-09-01,852.0
1993-10-01,857.1
1993-11-01,854.65
1993-12-01,860.3
1994-01-01,870.91
1994-02-01,865.35
1994-03-01,848.2
1994-04-01,816.77
1994-05-01,822.92
1994-06-01,827.28
1994-07-01,818.83
1994-08-01,838.73
1994-09-01,841.39
1994-10-01,835.15
1994-11-01,829.0
1994-12-01,818.54
1995-01-01,833.29
1995-02-01,859.71
1995-03-01,876.84
1995-04-01,900.11
1995-05-01,926.46
1995-06-01,952.07
1995-07-01,983.88
1995-08-01,984.37
1995-09-01,1016.98
1995-10-01,1020.94
1995-11-01,1043.71
1995-12-01,1077.78
1996-01-01,1071.24
1996-02-01,1128.81
1996-03-01,1118.74
1996-04-01,1114.62
1996-05-01,1136.65
1996-06-01,1148.42
1996-07-01,1104.33
1996-08-01,1134.08
1996-09-01,1151.29
1996-10-01,1192.86
1996-11-01,1248.67
1996-12-01,1261.53
1997-01-01,1296.43
1997-02-01,1346.63
1997-03-01,1332.78
1997-04-01,1283.68
1997-05-01,1400.77
1997-06-01,1471.57
1997-07-01,1551.92
1997-08-01,1552.29
1997-09-01,1564.77
1997-10-01,1584.45
1997-11-01,1565.03
1997-12-01,1606.11
1998-01-01,1604.78
1998-02-01,1702.2
1998-03-01,1787.16
1998-04-01,1842.45
1998-05-01,1832.81
1998-06-01,1830.51
1998-07-01,1907.75
1998-08-01,1770.39
1998-09-01,1679.41
1998-10-01,1694.73
1998-11-01,1878.51
1998-12-01,1954.58
1999-01-01,2046.03
1999-02-01,2039.96
1999-03-01,2091.01
1999-04-01,2161.92
1999-05-01,2157.56
1999-06-01,2142.14
1999-07-01,2230.09
1999-08-01,2138.56
1999-09-01,2113.43
1999-10-01,2080.6
1999-11-01,2224.9
1999-12-01,2285.17
2000-01-01,2273.47
2000-02-01,2201.87
2000-03-01,2267.73
2000-04-01,2296.5
2000-05-01,2226.52
2000-06-01,2282.79
2000-07-01,2294.7
2000-08-01,2314.11
2000-09-01,2275.14
2000-10-01,2150.68
2000-11-01,2130.74
2000-12-01,2059.08
2001-01-01,2053.37
2001-02-01,1999.44
2001-03-01,1811.72
2001-04-01,1810.62
2001-05-01,1924.46
2001-06-01,1873.34
2001-07-01,1826.66
2001-08-01,1787.3
2001-09-01,1577.18
2001-10-01,1630.91
2001-11-01,1714.23
2001-12-01,1744.25
2002-01-01,1733.14
2002-02-01,1666.45
2002-03-01,1737.11
2002-04-01,1664.77
2002-05-01,1615.84
2002-06-01,1517.34
2002-07-01,1350.59
2002-08-01,1359.46
2002-09-01,1290.66
2002-10-01,1268.96
2002-11-01,1351.07
2002-12-01,1338.06
2003-01-01,1327.22
2003-02-01,1230.61
2003-03-01,1237.29
2003-04-01,1303.55
2003-05-01,1373.06
2003-06-01,1447.82
2003-07-01,1452.89
2003-08-01,1442.99
2003-09-01,1481.79
2003-10-01,1511.46
2003-11-01,1531.86
2003-12-01,1578.42
2004-01-01,1646.16
2004-02-01,1652.99
2004-03-01,1614.57
2004-04-01,1622.84
2004-05-01,1569.87
2004-06-01,1607.45
2004-07-01,1571.75
2004-08-01,1546.9
2004-09-01,1584.35
2004-10-01,1575.42
2004-11-01,1647.5
2004-12-01,1696.38
2005-01-01,1667.7
2005-02-01,1683.7
2005-03-01,1664.05
2005-04-01,1610.78
2005-05-01,1631.62
2005-06-01,1663.96
2005-07-01,1683.83
2005-08-01,1678.04
2005-09-01,1660.02
2005-10-01,1610.79
2005-11-01,1685.7
2005-12-01,1726.34
2006-01-01,1735.89
2006-02-01,1729.58
2006-03-01,1743.08
2006-04-01,1739.64
2006-05-01,1714.89
2006-06-01,1662.63
2006-07-01,1667.08
2006-08-01,1699.33
2006-09-01,1748.29
2006-10-01,1818.71
2006-11-01,1855.16
2006-12-01,1889.46
2007-01-01,1894.0
2007-02-01,1911.23
2007-03-01,1844.36
2007-04-01,1906.3
2007-05-01,1956.21
2007-06-01,1956.36
2007-07-01,1965.29
2007-08-01,1883.33
2007-09-01,1933.03
2007-10-01,1983.71
2007-11-01,1874.31
2007-12-01,1895.86
2008-01-01,1758.36
2008-02-01,1722.89
2008-03-01,1660.27
2008-04-01,1717.34
2008-05-01,1743.69
2008-06-01,1650.06
2008-07-01,1538.74
2008-08-01,1574.57
2008-09-01,1497.36
2008-10-01,1204.19
2008-11-01,1119.03
2008-12-01,1123.71
2009-01-01,1103.56
2009-02-01,1021.54
2009-03-01,958.19
2009-04-01,1070.71
2009-05-01,1135.92
2009-06-01,1155.84
2009-07-01,1169.8
2009-08-01,1259.37
2009-09-01,1301.98
2009-10-01,1329.51
2009-11-01,1353.96
2009-12-01,1384.16
2010-01-01,1395.85
2010-02-01,1352.75
2010-03-01,1425.01
2010-04-01,1478.44
2010-05-01,1388.14
2010-06-01,1337.99
2010-07-01,1333.31
2010-08-01,1340.7
2010-09-01,1382.8
2010-10-01,1442.01
2010-11-01,1475.0
2010-12-01,1524.84
2011-01-01,1567.84
2011-02-01,1606.98
2011-03-01,1571.43
2011-04-01,1593.71
2011-05-01,1594.35
2011-06-01,1535.22
2011-07-01,1579.02
2011-08-01,1408.46
2011-09-01,1392.76
2011-10-01,1435.28
2011-11-01,1459.34
2011-12-01,1483.11
2012-01-01,1544.61
2012-02-01,1599.22
2012-03-01,1630.29
2012-04-01,1622.1
2012-05-01,1571.1
2012-06-01,1552.54
2012-07-01,1597.73
2012-08-01,1639.91
2012-09-01,1679.13
2012-10-01,1673.26
2012-11-01,1630.59
2012-12-01,1667.56
2013-01-01,1730.57
2013-02-01,1753.51
2013-03-01,1793.49
2013-04-01,1818.36
2013-05-01,1895.03
2013-06-01,1866.2
2013-07-01,1922.98
2013-08-01,1922.29
2013-09-01,1939.7
2013-10-01,1982.58
2013-11-01,2059.99
2013-12-01,2088.17
2014-01-01,2097.21
2014-02-01,2083.38
2014-03-01,2123.0
2014-04-01,2116.87
2014-05-01,2138.36
2014-06-01,2199.13
2014-07-01,2229.38
2014-08-01,2220.01
2014-09-01,2254.19
2014-10-01,2196.42
2014-11-01,2330.66
2014-12-01,2355.07
2015-01-01,2336.16
2015-02-01,2388.01
2015-03-01,2371.36
2015-04-01,2383.47
2015-05-01,2390.71
2015-06-01,2368.1
2015-07-01,2362.13
2015-08-01,2304.18
2015-09-01,2199.77
2015-10-01,2291.76
2015-11-01,2359.91
2015-12-01,2337.8
2016-01-01,2180.0
2016-02-01,2162.11
2016-03-01,2285.7
2016-04-01,2335.21
2016-05-01,2314.61
2016-06-01,2327.51
2016-07-01,2404.01
2016-08-01,2426.45
2016-09-01,2405.85
2016-10-01,2386.52
2016-11-01,2414.74
2016-12-01,2504.98
2017-01-01,2522.05
2017-02-01,2574.68
2017-03-01,2613.34
2017-04-01,2597.35
2017-05-01,2634.77
2017-06-01,2674.85
2017-07-01,2698.81
2017-08-01,2693.08
2017-09-01,2718.83
2017-10-01,2790.57
2017-11-01,2830.46
2017-12-01,2909.36
2018-01-01,3029.85
2018-02-01,2924.67
2018-03-01,2915.49
2018-04-01,2851.15
2018-05-01,2890.55
2018-06-01,2942.42
2018-07-01,2984.19
2018-08-01,3051.05
2018-09-01,3094.09
2018-10-01,2965.11
2018-11-01,2908.61
2018-12-01,2750.86
2019-01-01,2788.49
2019-02-01,2933.8
2019-03-01,2969.36
2019-04-01,3058.87
2019-05-01,3000.77
2019-05-31,2752.08
2019-06-01,3037.44
2019-07-01,3143.53
2019-08-01,3040.22
2019-09-01,3126.6
2019-10-01,3114.78
2019-11-01,3249.61
2019-12-01,3327.83
2019-12-31,3230.83
2020-01-01,3420.83
2020-01-31,3225.04
2020-02-01,3410.56
2020-02-28,2954.81
2020-03-01,2766.25
2020-03-31,2584.59
2020-04-01,2899.93
2020-04-30,2912.43
2020-05-01,3065.38
2020-06-01,3241.93
2020-06-30,3100.29
2020-07-01,3332.58
2020-07-31,3271.12
2020-08-01,3512.77
2020-08-31,3500.31
2020-09-01,3480.79
2020-09-30,3363.0
2020-10-01,3534.33
2020-11-01,3671.27
2020-11-30,3621.63
2020-12-01,3819.03
2020-12-31,3756.07
2021-01-01,3904.16
2021-02-01,3974.7
2021-03-01,3974.26
2021-03-31,3972.89
2021-04-01,4174.38
2021-04-30,4181.17
2021-05-01,4167.85
2021-06-01,4238.49
2021-06-30,4297.5
2021-07-01,4319.94
